time_sec,delta_raw,delta_smooth,theta_raw,theta_smooth,alpha_raw,alpha_smooth,low_beta_raw,low_beta_smooth,high_beta_raw,high_beta_smooth,gamma_raw,gamma_smooth
1.0,44.13611283857277,156.43141906524812,5.3883506003079855,5.176443870352422,34.060843865118585,24.754839452193206,1.6509680589251303,0.9280285299490308,3.043971950945413,2.256442507496902,1.035139530593805,0.9950808340982261
2.0,203.41845933525354,135.96042483266166,3.9167734349656413,6.2324713244653145,24.507899561609847,25.775855733336527,0.8013510783483448,1.1287038419302573,1.9299065365069898,2.272685737638008,0.9817034453588946,0.9875871575074111
3.0,38.39720500728672,117.7080135774623,2.8056198561311385,7.190934006369301,13.277079518244797,26.714569037851618,1.1537661365098932,1.3141214641623824,1.8582763490412861,2.287662029817423,1.101102683907654,0.9817772687094735
4.0,72.4388838354671,101.58794783830129,13.246317955959459,8.056123097035115,30.377798520055027,27.573737601224202,1.7475471438560564,1.484792575125991,3.3009047418266606,2.3014359772638864,1.1291921028602308,0.9775572604725932
5.0,96.24390902693328,87.5139901538299,11.105121467149846,8.832329777433493,31.156986636828083,28.356119658940006,1.0434833629482094,1.641228353301667,2.886143198004162,2.3140721732061396,0.9071235708621413,0.9748332255649499
6.0,120.30730425295178,75.3999030626994,15.4049427173155,9.52384522853517,34.80726893444685,29.064473446484758,2.335367880640355,1.7839399771699949,1.7033823893536761,2.3256352108729215,0.5684404839448073,0.9735112567547237
7.0,76.06569826165199,65.15944910356107,11.719127012265872,10.134960631310879,41.9076576442514,29.70155719934419,2.75530713710015,1.91343862521156,3.1593310430545816,2.3361896834929725,1.323739355125659,0.9734974468100944
8.0,75.28916591362984,56.70639081506617,9.221453587486025,10.669967166731357,17.78577915615379,30.270129153004028,0.9571735047571406,2.0302354759069465,1.9160694403812928,2.345800184295033,0.48706629309631955,0.9746978884992418
9.0,19.16405280563126,49.954490735865946,10.06670461645134,11.133156015767337,9.776843249212632,30.772947542949993,1.9631769615217771,2.1348417077367383,1.117691098784338,2.354531306507843,1.3761006572062287,0.9770186745903457
10.0,16.849466089293376,44.817511404611665,8.57864834499164,11.528818359389556,27.661553065156596,31.212770604667824,1.631053064213162,2.2277684991815208,1.7246816659773332,2.362447643360142,0.7172844852580136,0.9803658978515862
11.0,57.87951507750516,41.20921535995461,10.949241038961821,11.861245378568746,57.43959757296169,31.59235657364324,2.7160853842284194,2.309527028721878,2.186229746746079,2.3696137880806707,1.1482057188654866,0.9846456510511431
12.0,61.06879779412944,39.04336514054606,9.31058281802541,12.134728254275647,19.150983389027818,31.914463685361973,1.9406861094029164,2.3806284748383946,2.013677275151007,2.376094333898169,0.8641668218213635,0.989764026957196
13.0,281.1147217556654,38.23372328503724,15.498716246996612,12.353558167480989,16.6523724020214,32.18185017530975,3.489324339905333,2.4415840160116544,1.8251445754063922,2.381953874041377,1.2190933252756917,0.995627118337925
14.0,20.036240086118553,38.69405233207945,9.764234692626136,12.52202629915551,24.449257068139456,32.3972742789723,2.9052746860318424,2.4929048307222432,2.4707696625598965,2.387257001739034,0.9836203124811059,1.00214101796151
15.0,135.37831968934847,40.33811482032395,12.576308870139439,12.644423830269941,54.789427427298875,32.56349423183534,1.6983125802720482,2.5351020974507446,2.409398642461555,2.3920683102198814,1.1546911245922296,1.009211818596131
16.0,91.76547661425077,43.079673288421986,15.86576057960793,12.72504194179502,41.76776932362623,32.68326826938461,1.7849724049712778,2.5686869946777438,2.0733319761797784,2.3964523927126584,0.7760786294279962,1.0167456130099672
17.0,86.16694221564005,46.83249027502484,4.865880994685018,12.768171814701482,33.9927930674955,32.75935462710584,2.248384411995194,2.5941707008838244,2.141457458952546,2.4004738424461056,0.8161665958755734,1.0246484939711993
18.0,78.6846642640061,51.51032831878379,8.65065638512261,12.778104629960062,23.55927641949797,32.794511540484756,1.503237574043314,2.6120643945495714,1.8352766799319986,2.4041972526489626,0.9691676111647709,1.0328265542480066
19.0,84.68173758931485,57.02694995835006,8.687380899353995,12.759131568541495,22.66808366935495,32.79149724500707,1.296681236941796,2.6228792541555697,2.7134910847036036,2.4076872165499696,0.9869966538031583,1.041185886608569
20.0,87.11197362785546,63.296117732374995,19.32875984675372,12.715543811416513,52.43709112727219,32.753069976158535,3.5883567966874734,2.627126458182403,2.7015108638235725,2.411008327377867,1.088527131332102,1.0496325838210667
21.0,36.587594193000115,70.23159417950973,10.730193243157403,12.651632539555854,32.486080225981276,32.68198796942485,1.6603164195395639,2.6253171851106565,3.190452731907733,2.414225178361394,1.2916649393800066,1.0580727386536795
22.0,70.55984862114488,77.74714183840564,7.160248192765755,12.571688933930252,53.72722071561626,32.581009460291774,1.5515789566883718,2.6179626134209144,2.4223534775698354,2.4174023627292915,1.3652851824956937,1.066412443874587
23.0,32.89444092055714,85.75652324771403,18.584456216432123,12.480004175510443,34.54030772396114,32.452892684245015,8.658112825820652,2.6055739215937614,2.42270565832971,2.4206044737102994,0.8881475075985104,1.0745577922519693
24.0,27.138993816806988,94.17350094608597,9.602236042237013,12.38086944526716,23.414865454012386,32.300395876770295,2.1985474614946714,2.5886622881097816,3.246405143316209,2.4238961045331577,0.8691543046465332,1.082414876554006
25.0,11.356626332815772,102.911837472173,26.160888560280075,12.278575924171138,37.06362118828629,32.12627727335336,3.5103395400255044,2.5677388914495602,3.3901087547671844,2.4273418484266065,1.3624750748368297,1.0898897895488773
26.0,44.47086798710757,111.88529536462369,11.65159233864423,12.177414793192895,31.49611301738865,31.933295109479324,3.6578170758576163,2.5433149100936343,3.9700204822739105,2.431006298619339,0.7097533757930969,1.0968886240047422
27.0,14.471839871358284,115.81861318199621,17.55992535763989,11.080030769685502,28.64388618383423,31.790394685673014,1.5468851700312038,2.412301893490283,3.7238078988049503,2.3739993062558105,1.319309509380732,1.0747920797056665
28.0,39.03360071199812,128.46234997152231,8.416855370464324,11.444942504174964,22.507753004765203,32.018708103836346,3.3920665597944373,2.402511676128434,2.5237613200013147,2.3793823392542968,1.058686045388495,1.0693716811772325
29.0,43.668674993013575,136.91374728596662,16.61645250517685,11.93598629009984,10.809120596907917,31.770847496286066,2.340838284523189,2.413646742038364,1.6788325079537094,2.4241917032171387,0.8358278813104802,1.0721230285459031
30.0,19.36472713213358,145.60551851115724,8.165741191018203,12.560524693060929,20.985768845880962,31.844579764559025,1.2127241564795024,2.418553271913261,1.6884148238067165,2.5188542528543176,0.7503947731288909,1.0687415036123846
31.0,132.12752491148524,153.05356377703615,9.98038101726943,13.104774478173962,31.760586204609474,31.56906789915511,1.5816694160250773,2.4009957932056722,2.2258114133788323,2.581593486926689,1.3376701424150677,1.0729599592801105
32.0,209.77601365533783,161.87025777229928,8.324233341881012,13.47211514321122,34.7800734797562,31.53126002647649,1.2327131422844158,2.419290854051003,2.084278024782526,2.5988134567279157,1.4290741546601176,1.0657680242552414
33.0,58.256093923553834,168.3529577176215,14.182349011133889,13.905103922385242,7.360950920215023,31.741819463849538,1.2628449371894144,2.464600025553141,1.4010338256322576,2.672058391560643,1.0242259516318548,1.083422220346515
34.0,166.44385633722723,171.34477988219965,9.140529222020938,14.415820622151822,53.012750410652075,31.162010721849647,1.4706416048445092,2.466055302942552,2.2917118351854064,2.6942619585805945,2.510767692485069,1.0669304292800696
35.0,32.26013168154546,139.04760340061017,11.908429523739226,14.772449173847926,40.946031181602706,29.503937673219212,2.444016147797062,2.4661166145392737,2.847160677021469,2.672889637444648,1.2699650048860434,1.0903971660763763
36.0,14.722088242158815,144.61135183486658,10.746498601649673,15.054062137588131,32.863035624870236,29.176630875923294,3.698125140655366,2.44787364669696,1.8584161717904266,2.6696495311230772,0.9692992162547198,1.0805052406339124
37.0,103.53939425190941,154.33635561017022,16.521571937206133,15.292837548856735,42.4890879792872,29.701348481192735,1.902775498448516,2.4529638629378976,2.500400758236059,2.6694009227125317,0.7454309529272881,1.102541721922967
38.0,1221.4745639943326,161.96326137986213,20.536126770365193,15.348277957467413,43.474180196543344,29.057041706826936,4.723726638167506,2.4406567758691944,2.8689252136223367,2.6632473442593754,0.9892059063626907,1.1092222834727643
39.0,732.3872267951454,177.5210356344802,13.874737016219942,15.630307603001324,29.66427036064175,28.11342902968574,1.8645790226062706,2.451257759812779,2.9966652425001223,2.635349926951278,1.0388630777422998,1.122896007498197
40.0,62.431317330332895,184.64909260300658,8.453786758766968,15.659858254028219,8.71937410709956,27.696499275968353,1.4645537353694338,2.4525286128706667,2.1698438206197244,2.6506269266045654,0.743012225368491,1.1359756989294854
41.0,58.585262115218626,194.09040827874634,18.861324392272913,15.867691076588322,18.168497457865996,28.205727485778702,2.4570636785968913,2.405875970639471,3.9237118158293307,2.656922570347098,0.9055676099660304,1.1561490699534995
42.0,42.3362169760387,200.13662175670476,7.207069883029291,16.323503378673568,19.98854916274732,28.41049214106716,1.0172849388940814,2.360415827061146,1.630192713733401,2.6262341657288943,0.8043583219801798,1.1578360661781604
43.0,11.129013417165737,178.77856088970793,10.367103651397901,16.386279819102654,24.202845923180444,28.373180614207218,1.705892519583378,2.3093706534174117,1.7528128385050161,2.6074755348515435,1.0758603797717865,1.157409793646657
44.0,90.42033307864234,-179.49440095637118,13.27768651539795,16.305939117102326,32.12169342515719,28.26388791811354,1.4937312455925875,2.229826814905278,2.203775434147623,2.558134087952459,1.3856634401718666,1.1498915765889284
45.0,179.9191463453312,-101.88570361575016,13.396264838239485,16.2711280939171,33.28095764265069,27.851980084967337,2.1330798956648542,2.0931461986476245,2.031447680838346,2.505056357260618,0.7286406355573649,1.1318962384017217
46.0,487.4007229518875,-19.936370426526718,11.420086829891897,16.35313794673802,34.256137400231836,28.043446089858072,2.627087318770279,2.061383060192691,2.938251188435908,2.4742401528122726,0.8193313260123449,1.1248937078879542
47.0,420.2179372724909,53.640557005446965,5.5209031772179955,15.923795827636921,34.82053117477549,27.050964713715313,2.1620003147123326,2.0082548602460344,2.0966493774728443,2.418973098325389,1.0990554788100022,1.1268036621716435
48.0,104.6749701126263,124.37308805112312,40.78286197650759,15.653002048743843,31.176363602474204,27.586074462937383,1.4314212943343525,1.9242245244730798,3.31082803717589,2.4144433811561257,1.1728707824950746,1.1379809228245317
49.0,176.59117438351183,191.26489318144237,29.836409126034816,15.518157059372644,20.901185396636023,27.52030668062132,1.9136470463091546,2.110608854481003,3.2772235559273852,2.3679492614986297,0.6653600735046169,1.1321946498603261
50.0,84.71462128328875,255.39477337534973,12.158047104328212,15.297135163327532,32.45101615267323,27.144969746672125,3.3894436370961927,2.0888249236798346,3.1461430253399376,2.3791015175955215,1.087663827077335,1.1276929876836517
51.0,53.580169097787135,315.11657591734274,22.917813040408802,15.43380268399672,25.27691374190514,27.359236029489455,2.2765576000035512,2.1331184732226403,2.723759293480483,2.3996477570471115,0.905957113647985,1.1369765913152472
52.0,203.36843162035782,372.0913505842274,61.86393672764491,15.358434841326801,38.16974386935843,27.137555927547535,7.1232089848051094,2.198613708419904,6.061292697574723,2.420196041450799,1.9237503496176744,1.1271053732649676
53.0,66.98301486539877,423.0281879968478,13.742951367750534,15.431125635543271,15.144715266985674,26.9152496759833,2.431967116785381,2.1861582331411835,3.244557092911063,2.4580221050403024,1.4178040309604083,1.1341396404694892
54.0,26.489180963988094,469.6339435544358,5.385309893920764,15.207571611319935,14.90585634026094,27.065055490040002,1.7534103790424789,2.2107924921300333,1.6948692674354398,2.4097619779378823,1.3164364363700556,1.1316151730021298
55.0,17.349026329125024,511.6979814654483,8.73286417234391,15.098061670384768,16.691457900016566,25.990407319007794,2.3121377153991323,2.1794395675770115,1.2461736165043558,2.4014070745528384,1.6430577607620866,1.1101816119656598
56.0,57.33613449478524,549.656553246008,7.824265198092881,14.890690754501858,28.012389039136973,25.455441510514916,2.1462117417513236,2.173071547027165,1.8403571444399636,2.40218072444014,1.2222682282916562,1.0937617308875942
57.0,13.728063357377675,586.5181475546068,17.74721865320862,14.69519086141672,23.442452258605798,25.481738758377062,2.021705887548092,2.1632949647472812,2.05822354478353,2.39768834612835,1.231183798838678,1.0908790139056874
58.0,22.675620939357927,620.586232429765,11.91105558989368,14.338229833525096,22.56763771686009,25.68380156168482,1.423792131671009,2.1494801013538156,1.4625870331114992,2.38242301986858,1.1330252629921327,1.072757156793522
59.0,120.74537124548982,644.1079831791155,5.000824802207441,14.042606202549376,24.210672133055322,25.04413757422031,0.7600798140561646,2.138750212024938,1.802876276700883,2.3460749847296714,1.456473121431754,1.0641806079137475
60.0,1365.9296007574796,658.5656807513046,8.857059339681065,13.502388238834504,51.33975483821938,25.05977537853989,1.3823853695530042,2.117670332754176,2.2094142152724845,2.3274831796673365,0.978288835286099,1.1028657805177835
61.0,176.80201660498557,677.2417601868165,7.935265024096255,13.147549765328161,23.33067873683891,25.61496999643675,1.3692656763594444,2.1005363644633017,1.9151828821667662,2.321540551719706,1.4615428117196072,1.1087201695765734
62.0,45.8509687401753,691.1001306594551,9.983726248006288,12.545114039279067,25.60810872887715,25.451821036708576,1.4448185411977434,2.1282525404606067,2.078577318638615,2.2759751595124644,0.7754468530000351,1.094345300741181
63.0,84.44455107676791,701.1846583702464,13.394515504241351,12.30292303605643,28.154548060539625,25.614445584662576,1.048087873943978,2.1203564104554564,1.9407890505440635,2.2676920420403195,0.9423320304632368,1.084867352442311
64.0,19.27443025557671,742.0133806008155,11.289528982319634,12.037754852379441,33.77411945501888,26.145042908201894,1.7196297800827804,2.196017147711539,2.3114995123294695,2.2526383330294504,1.0216440844812151,1.076714618855257
65.0,18.667412718734834,757.75020236966,13.582855081313735,11.655515138449438,21.443776755219154,25.86900372165198,1.502779588852589,2.18007430129544,1.2954714511278878,2.227826778383267,0.7632101282499774,1.0752910148731054
66.0,16.0621486078688,765.7250068323348,9.325811867218949,11.139578520780642,20.59050997866273,25.582229249716296,1.8150673371344355,2.1230417892169546,1.3068362562416926,2.1712268520327567,0.6056411659325418,1.0340280891466682
67.0,59.796153972601246,772.2758847315763,2.747423979138744,10.464350070228107,19.857211278731167,25.35262717263831,1.662594419785324,2.1081560501066545,2.033741400068773,2.1789809515412206,0.747111727364167,1.0345395140123685
68.0,1051.4298246876067,773.0435558682713,2.2444254243901827,9.909641623241972,20.369876198226034,24.9356111399118,2.2097770547458326,2.0724882105013793,1.5012607878321946,2.1361992262709872,0.7322239365717623,1.013648903124526
69.0,13865.916683482494,771.5989654366699,7.877617655939423,9.369046594152389,9.802986484999277,24.536317190798716,2.3660192671174065,2.0245991774643635,2.014058639456343,2.0774377379787556,1.0478187995632813,1.0005903545969546
70.0,344.5255361892235,767.2285192248115,3.916662622117151,8.821624859537852,15.069246278825418,24.775257731992433,4.1177279383963885,1.9672605460943648,3.003490411614531,2.028836906673495,1.426956609894355,0.9850254349735104
71.0,86.71990619941946,758.3586051119875,9.373100300329325,8.210912338942054,24.644919088428242,25.00476452386564,3.136647404224414,1.9203434203772272,2.3362078617064097,1.929996615209584,1.1842643305610205,0.9631459939164677
72.0,186.37449247752852,758.1010880470728,18.575576086281323,7.716699899829791,49.58616453180819,25.128446396264792,2.049744716193376,1.9038464331582803,3.8879433672859633,1.9283996678011124,1.111887215489572,0.9375455695599698
73.0,190.69653717565242,749.6079499350117,8.812126341174423,7.057080494147602,23.792515491010494,25.115147904631364,2.877612436809038,1.8610713485267354,1.5239379665367903,1.891410414656677,0.8984702202812604,0.9193147439068425
74.0,152.53315437709392,736.7474707682941,15.23732128814556,7.476532888559839,27.978182414144314,25.16140573953114,1.3180104999771378,1.7981024690630594,2.9036745576045044,1.882531717399866,0.9732766534037175,0.9165040306184596
75.0,95.23919375776917,722.5089326316378,9.069061912840848,7.532655802368349,27.840120122960165,25.25489308849111,2.482675815642825,1.7236617682086282,1.840899831952901,1.8955366907855171,0.8325402752363502,0.8959315512868956
76.0,73.29291358384975,700.7038619550574,14.035746387449516,7.2013183221504775,21.611811438736652,25.384448658833154,1.6576272525766913,1.7482374920062216,1.7222676605263547,1.906116333021083,0.8115870383654491,0.8872008595104781
77.0,39.779620701933936,674.2752305153206,7.356816085656667,7.375989026867898,32.24170667009256,25.506665174451314,1.2218083395646175,1.6703328283795258,2.5066373009712346,1.9207061357321935,0.7398240655164312,0.8573288807527881
78.0,52.96736825305292,643.1778596178971,7.446412507030455,8.670735997809912,30.924380214855336,25.9171809378061,1.7184114179910537,1.793265778493475,1.9454587279382567,2.013498016525329,0.692932512155709,0.8807496348549003
79.0,64.49584552193043,589.2653897781609,7.2873717542252265,8.872550112809991,10.694357778191343,24.848432863593775,2.3586441031682526,1.8333949014338646,3.9441255678382383,2.0595202917210242,0.7080180670742557,0.89358439528422
80.0,67.29359095735248,554.9882479180375,10.82116138109745,8.8432870688107,38.01673538119371,24.559829222937832,3.516398410267894,1.826508464416235,1.8060773512525006,2.0992409351323578,1.069826115275467,0.8935633880959472
81.0,19.91047839761184,516.4437168181357,4.643022063384364,8.899375091769933,28.885583975185668,24.666804805738487,1.5538705647443902,1.855640155332847,1.2153361557288587,2.119007177624333,0.7288968885049676,0.8996523127626957
82.0,10.822509806833128,454.3793995950769,3.6944999171072794,7.64873665589117,19.83165832466446,24.40556744460226,1.8058919836371987,1.80583337417742,1.6852615209528536,2.1217906105331203,0.7942900371529196,0.9032680353705804
83.0,46.20881411716448,283.4669647759604,5.271031623397481,7.760017598273842,16.287569819073326,24.265976872299987,1.3407268925445357,1.8314627874466505,1.7587998101836073,2.1207990501495457,1.4827422134302215,0.9110941056600468
84.0,119.68951386871143,236.36661438356285,7.6356657227443305,7.92902290358304,13.946517574178603,23.89447319935958,0.8919813149177703,1.867295750168071,1.548233930413364,2.0970449293868834,0.8055320739479408,0.9122761472392067
85.0,436.1006015913303,212.61227470744097,10.060708253635863,8.05049468798733,37.81080063588803,23.420026135923486,1.0761785778146034,1.8309776846869528,1.5997333512606873,2.1275455416479563,0.7811273277429521,0.9408179460019845
86.0,48.71604027788772,229.50104143465822,5.271733054509836,8.331602565003154,10.989237867505354,23.465045818786432,1.7436201368988642,1.8124576740475788,1.6452237345244725,2.1349226723284254,0.7765486569592714,0.9449971535387007
87.0,29.265043333642133,209.61487503358018,11.573654624355818,8.318992074159052,28.061220141702314,23.086134781075156,1.5788015493978265,1.79816256029261,1.9145849782535362,2.1317565172661856,1.1770321150409115,0.9693838146017415
88.0,91.89841824643011,177.219433493506,4.604882127081513,8.311802456244795,29.474301165398963,23.020049733392938,0.9782037955547418,1.7802838063084092,1.124667602819492,2.137784597257034,0.7475647090873979,0.9784776510543242
89.0,143.8746234740785,144.9117256941583,9.723129564226522,8.605403309316543,21.292873213435396,23.409225577607234,1.009413626365876,1.7824232457013358,1.6354330640684378,2.126098146700284,0.8795452201528601,0.985556924212171
90.0,599.3899017693329,104.98382716457161,7.455228443393561,8.905225178082308,37.833320153189746,23.46848053579173,1.3547234631775955,1.7507854645773913,2.1665009207376196,2.132811933303276,0.6548541883383174,0.9792389762491238
91.0,178.07623438690328,60.95165982904042,5.43927328038287,9.403690195670698,16.33481108144591,23.772913956918696,2.2552501432128986,1.7514972798866868,2.5129989758915023,2.144317246982649,1.7233051897783112,0.9827320513683285
92.0,91.75631017083244,10.305688588810229,22.05791926647767,9.7357903767815,20.003447546271893,23.48554930174658,1.827233691256954,1.7196701518831363,2.2833591362882353,2.147660559019851,0.4448407265014319,0.9512340342279512
93.0,134.16525304132546,-44.40121336361457,7.159450924803826,9.76264931325859,26.399737510527842,23.15189709536234,0.9297324343687452,1.724558096921077,1.7863237065772875,2.1732032522466773,0.97911222247633,0.9549919994301277
94.0,29.204892749667593,-73.22163508954003,8.525032530918939,9.828345349528977,29.735371793891233,22.946674835549555,1.7946754499812498,1.7234200014251928,2.3256207153117945,2.1938844796174717,0.9618336012853848,0.9679025852531519
95.0,55.812874309144135,303.80445084754257,11.370183776900184,9.242834889830583,15.873826677173078,22.366761042933604,1.7955914160110238,1.7514460011158237,2.4217591042471875,2.1890483925610837,1.4353776650485899,0.9801911636062978
96.0,177.1748705499923,329.2002286139104,14.201951872454538,9.203489035683369,16.951084457505953,22.12997796057362,2.0382889944804057,1.842535285725105,4.14375395311323,2.2110506500823726,1.044852503333272,1.007668945766668
97.0,117.29074255088007,346.3489645815693,8.367987101268938,9.174540045901226,22.046846277185033,22.35165049167065,1.5454140899667335,1.8816781178068598,1.9601880517700054,2.1921888543547787,1.2369710884447183,1.0077255071258455
98.0,290.83935064561837,351.94197815571715,6.676052751840807,9.969196745212372,29.2325995879521,23.285268886856436,2.0234676008302728,1.9026066241920874,2.3599295592210163,2.278864045446585,1.3005256832625525,1.033596566156014
99.0,41.116664093395876,363.5207885845533,6.694845607354767,10.519604446867808,25.646938939109297,23.64600923946167,1.9540354283564358,1.881783703340098,2.779166675932503,2.2657078214734554,0.8840153868230033,1.0432784372115393
100.0,28.61600213539468,383.9718228394232,12.575720866270574,11.209646188906401,12.934516621492415,23.769743372242136,2.8550354227670387,1.920445490244706,2.272528553345604,2.3115374865245326,0.9339766520307211,1.0546677888519727
101.0,63.27367253751896,400.45954161597695,10.219247714822226,11.726205132551211,22.281768019147314,23.920055513951365,1.1090651598317198,1.9811731397029613,2.451277318159234,2.3074821286440828,0.9025058884675556,1.0545918443764215
102.0,49.13566252797938,414.6896983114032,4.597231910103624,12.368477669930405,15.092359469209434,24.48397325446729,3.7384243307708926,2.0329653670694006,2.0502035115436685,2.355545953573977,1.460614012036175,1.0656830932723265
103.0,247.0682019555462,424.5531095280582,11.490112632478908,12.860446985456115,18.1944435167313,25.024241057115177,2.5489005077668865,2.0385110791435217,3.2662184265687624,2.419481423743967,0.7608417582476334,1.07483583050282
104.0,853.0457215145437,432.6936426251156,5.8845163595228325,13.261582615724338,47.5857647486405,25.124414939407295,1.2335870105817048,2.0128653278652933,2.6962822151633716,2.3476977771897363,0.6838884086991388,1.0718772455783048
105.0,77.18847579787555,437.54445436804116,4.725845231419012,13.69386228612236,20.98676894801134,25.215277921019485,2.1652534411703943,1.935559339462822,1.4192084457854766,2.4442260371063016,1.0642991279081904,1.0644730847489017
106.0,59.38536213769467,441.8511496809184,3.8733648403816434,14.071974481309532,5.417288738620525,26.297588478220835,1.5366509638809502,2.045652763720117,1.3838084075666022,2.499201000312003,1.3161493427887874,1.0802538978098872
107.0,817.9294307041479,442.20569943295425,50.68509721840755,14.380970621304979,27.231796337293666,26.80615690753386,4.333368855331579,2.0718405508429205,2.399723480243857,2.4920814078778597,1.1089614366559482,1.069766523837605
108.0,4844.802854473885,438.444439339612,20.080670720649255,14.443538651671695,18.5111793356562,26.732402850905846,1.9368600526209174,2.1084525336548987,2.8062506182189964,2.5174826069966327,1.0385378043322455,1.050464867178703
109.0,1023.813831478109,433.9479641750931,14.757281508265034,14.605366746766009,24.72020263910492,26.89500581871499,0.8673062298681107,2.140444335558338,3.0647331250329612,2.5328423119953025,1.2336147853319503,1.0731772989925006
110.0,247.83211311227137,429.0251917431779,9.634480144700081,14.59404913929545,30.289647465297477,27.019753099969197,2.452578200907341,2.1626045866833645,1.4839958505372204,2.530396928974323,0.6853192451439245,1.0696984820382631
111.0,70.26274422050764,431.8359396235637,7.186611486213554,14.850201620482464,45.017376667042896,27.884212262570493,2.4113214617895373,2.155506497925777,2.6225164293298318,2.526438899738996,1.0611136207335548,1.0725645839354676
112.0,79.4512664442559,422.21961074570567,16.263933783768366,14.763549506349726,37.197538122866646,28.024753393784238,2.223658181036475,2.1277201197968902,2.767546366940304,2.5351623963547794,0.9106814426933836,1.047364947778041
113.0,210.26830530734384,409.9414480017966,19.422982512611537,14.955532811868965,30.685417584456335,28.38785246942562,2.386238056890895,2.150154861624971,2.68885239294603,2.5247270945701015,0.7469331035455371,1.0306144852291559
114.0,73.05360533218064,394.98679150155436,14.200008711676892,14.885386007861408,18.191983019324365,29.131853331071262,1.131704469657545,2.1370890402069787,3.2670449065868823,2.5001497929619316,0.9386004859861881,0.9864349530631737
115.0,77.65593147052039,233.11091536189346,12.924067012928594,14.750484086326205,36.8429227411286,29.365047281636564,2.837887914464678,2.1135430302551854,3.1924069159766795,2.3559000912715926,1.5288087178632346,0.7197547696208791
116.0,15.19768031970457,173.1085387015173,9.029297532257306,14.63409390752821,17.298202662848894,29.831805990218935,1.4866015040692897,2.105289612373158,1.9979368855612614,2.329824998006364,0.977622997850879,0.7616491587363734
117.0,30.874657090744,206.1703030962781,10.558275134198297,14.298361315329602,36.26427136828572,29.826296647337756,2.875321454324486,2.105029890377005,2.0546427593856706,2.3497973630496602,2.053741062174578,0.8453823197039868
118.0,9.808315568623623,234.92610756408945,13.874182116617849,14.376337080539336,38.6911878828668,30.30806531503671,1.4584175452339347,2.1097366154226678,1.850628813614462,2.3327570239340814,1.0434105584067244,0.894780974297015
119.0,23.24563752244964,261.1348182100007,10.863530506835783,14.235172908088256,36.28213833150065,30.46357978705895,2.158890503996413,2.070986939867032,1.2449964160238651,2.290674105286581,0.6318608718266705,0.9459189587733092
120.0,385.51170594715273,279.87150320053803,40.38982777606141,13.987058582648867,38.732584367742014,30.61823223438224,1.3335267240384319,2.0277338208519127,2.44214664306305,2.3069414330800817,0.8977965653994757,0.9855519028991188
121.0,110.08947653843924,288.6739291436573,20.637711970239295,13.18554032495814,31.495201848979253,30.339198300427785,1.040642621723921,2.003246899561248,2.6209031888961287,2.301489811375606,0.7748473144447281,1.0268749595655666
122.0,93.44275541268334,303.091451964067,27.17458886761168,12.681578495707537,24.605094010142746,30.047705268263318,2.0825499001608496,1.9561981793790462,3.5819291735752863,2.3634023793850907,1.555994962573961,1.0724353749904783
123.0,576.4116218997826,292.5213388022309,10.189785884329593,12.57864398308965,27.47860069692046,29.831219452434688,1.7514815197491984,1.9557206107337144,1.8001002961592227,2.3874259510516738,0.6594266905952855,1.1345078420450208
124.0,407.85600613447923,304.8393195890412,8.599406027779963,12.266230036228734,23.069704390692507,29.93741079242823,4.32906616672267,1.9296704731297158,2.9311871999746897,2.3532042911543223,0.9618687763074503,1.1852761578641335
125.0,41.78281688498293,308.4480696988855,9.836236173523659,11.90633747613382,35.98867805814815,29.7642188434729,0.9270016749092798,1.9077604255977738,2.3762221675706234,2.406448416976718,0.9619257584685335,1.2373132996183684
126.0,47.586792081850355,307.27210254898654,9.211152569076035,11.32953708792041,37.39178588651487,29.129485373537527,1.1721448226666475,1.8269741820177534,3.1196410374351897,2.4326305946681988,1.2105599816658512,1.287439509132306
127.0,21.60658506690004,307.601268488762,9.428891895547261,11.118997803513428,17.047484106366284,28.770022639671275,0.4768131604325484,1.806394792549971,1.1023976288283963,2.43642329048895,0.7754711183262266,1.3263958656875383
128.0,50.780758740258136,301.5741208801753,7.001298110243472,10.883198287293666,27.90905995951332,28.335688838804707,1.3361977111289405,1.854892520961919,1.0868876865356945,2.4300555499758247,0.6719855399650948,1.383366012616881
129.0,36.49285931918865,299.4317218015683,8.60570492631636,10.56624906528918,44.56380141044149,27.892014971865763,2.8558677427306285,1.9028979395676846,5.303824832379977,2.451513534110791,0.9432452135511727,1.3979311647467902
130.0,78.90934131823775,311.4618790485251,5.685777989823588,10.24678085448233,25.242300622300448,28.520926150004573,5.746273267806364,1.9090082150926124,1.9859897995613824,2.477376722138495,1.0486587599217345,1.4088969740726265
131.0,19.202048324360753,302.33527204164307,9.808144880682786,9.98590923206691,17.514235750138365,28.60953403117162,1.0284861182432592,1.9097934115035433,1.2437441187196705,2.401576406318623,0.5619121097583266,1.4407242427413944
132.0,14.444798785614008,288.63775997458094,4.342624539313698,9.598677757530504,28.61111556301872,27.862755312172013,1.948278586924379,1.8956780041616035,2.535699778079222,2.387496534276374,1.0538307297384752,1.4667582302873767
133.0,51.17124820826767,292.87352426869336,9.375065784542603,10.472380731842659,40.552663498046286,28.030994678122507,1.7920596667713602,1.9711957324718221,1.7071171187919147,2.3935283075901306,1.4149056873715058,1.4882997014440993
134.0,20.75240091609654,419.5648406442234,5.339614653006372,10.439274971294996,28.914133951375405,27.526750701705435,1.3488239498246095,1.9743796538971552,1.916099322146823,2.348882968890499,0.7131565980863256,1.50445404878549
135.0,26.384517424038194,455.2759986786793,11.95595472974054,10.494483491581903,25.634387246538033,27.64483053570401,0.9241680930240439,1.9493630221945073,2.1307546307062095,2.378563498219366,0.9138223075475488,1.5291504067847284
136.0,39.238076934662075,474.42001634188745,4.015018806211966,10.282241260806307,23.732890405253862,27.57596047751778,1.809355164276729,1.9936447494027043,2.0485885355748024,2.35005480253106,0.5831304673115683,1.5373755993322136
137.0,27.321004292180945,485.49722961980586,9.061890476741084,9.780422424901474,19.984149705956177,28.10329611362954,3.186484979716202,2.022880559509015,1.4157710891802715,2.364197435454959,1.4930827977694745,1.5504028272604218
138.0,10.11418323641588,487.7750563006452,4.298371060023043,9.77166408880281,27.409149310248896,27.795988155977952,1.3199015892697523,2.009504337540471,2.1253038146084506,2.3217099625980997,1.7153242550961498,1.5553183522387442
139.0,85.55508380858379,488.38996754015665,4.08326960449174,10.006825146415354,15.1527213091825,27.948902745147805,1.702899916442552,2.0337286632033322,1.5679967690966299,2.3648797406462765,2.4050323839899956,1.5465724686412354
140.0,5593.208881307696,494.95105145929597,9.613019570426477,10.053745597242717,22.46811919480938,27.736392586223527,1.8620524234268312,2.0445830207394518,6.2592979389843295,2.3673026072649033,11.143578893434693,1.5366855405338735
141.0,3410.929572773534,500.8230566342544,5.338869228048033,10.066923011981004,31.72326880181099,27.740809811479263,1.469887435417242,2.0850737039861893,3.1348112614646144,2.396886370137823,1.3468422554166122,1.5499687325437603
142.0,94.07706643493668,501.38927884036104,8.900176601662004,9.989970217639822,26.834748584189715,27.536987123149835,2.0162042220655185,2.0812870669293764,1.9229242963638917,2.4161971143161005,0.9584569596298178,1.5261736389476506
143.0,30.4356588292761,496.4567233285939,11.676629846378063,9.862545337206557,10.736614698072108,28.14215447134417,1.3753104054422907,2.141553657904018,2.9455580456633674,2.4321637443375153,0.7278975717206067,1.5325944941844911
144.0,25.409809070482684,478.54739428840224,4.153926606425111,9.564250682921557,25.882572663800815,28.006936824518135,1.753068509829478,2.1476813974591233,3.359755856424807,2.4413860682446638,1.0192512027201839,1.525717744737136
145.0,34.98054593940917,473.3883380773636,7.373948844064596,9.576231130860359,29.763996305344012,28.70445393796397,2.6933740499752887,2.1640114114569786,1.8729536086881577,2.4232845893680866,1.315358661408215,1.5011609764614702
146.0,276.35173239136446,476.19480730245584,30.159100224865675,10.49869503143711,30.53288790846746,29.50423073385878,2.0925208308828855,2.1517081369057074,2.6512260052526497,2.3861928557680914,1.7708033310993896,1.478762358187685
147.0,105.50674499226471,462.54988213430926,26.379317722096197,10.68636148325692,30.702669279654167,29.281984948276637,3.2047848875735054,2.10232206566603,2.2512238800359254,2.381259597247932,1.2777755819468815,1.4543887944805645
148.0,852.8721043096066,385.52454668821275,7.861170161966102,11.10597061860449,32.63215141175571,29.23328156501849,1.1104974191129862,2.102131382414581,1.3529215192208999,2.3934085090896193,0.8393503524223429,1.4557723975268446
149.0,229.76853930710425,374.0638766893209,12.026515461407781,11.279504175622906,29.2401895147094,28.844560140290074,2.348773250110382,2.091589190512862,3.6991910880258168,2.294061759968276,1.2387231528419482,1.416398227634155
150.0,180.8684235888619,389.82237134017805,12.682584866888554,11.14531380619652,36.16609675986348,28.807827423767495,2.174782694439798,2.166026760698115,1.1829969867215862,2.3460625478252277,0.6828300371031673,1.3836864606560069
151.0,207.35524848579024,396.9000880030967,26.927925370296236,11.292524438564719,39.459588309252396,29.202079752911533,5.492725963932394,2.175489734688724,1.3986014569801797,2.3882798311012428,0.6047880538435944,1.3518754659625751
152.0,56.60742169633715,399.7368904770505,13.498684431159212,10.95654718556139,39.66701751792239,29.477717643118737,2.0115549537427673,2.18424791493991,2.217122264457455,2.4044063123504973,0.7719621934620248,1.3161001634520502
153.0,116.49910305588273,397.53448106418074,7.343365642668736,11.015529159241638,34.82091027959552,28.670765199300313,2.3803305610849805,2.0979605213601906,2.0892307082863217,2.3950484865367176,0.5914905132073242,1.251106049864715
154.0,59.32773878343089,390.4082721547497,15.937706427362556,11.147031151843326,37.26022456583205,28.25720105545517,1.3755554921783064,2.0877717191620415,2.3879773323846525,2.359964825752131,1.2378816345360466,1.1853553286611351
155.0,144.57767085203676,358.4741455336194,9.691891975644932,11.379713939546033,32.11143123583308,28.639088770856755,1.306219109673179,2.109725120149046,1.7286823853301772,2.4244003944690555,1.16968137362342,1.122898829161355
156.0,30.58976773549575,342.8539481900256,3.960681923418723,11.366615593045157,24.77033492088445,29.095519800568205,2.2973287154846718,2.236108537916674,3.932597970129206,2.464500213459586,0.7041137046215635,1.0818656490950238
157.0,23.81431322451796,332.8620928626401,4.058156198591131,11.53089964943134,34.53664542108156,29.496344359370454,2.165132340553799,2.2095832259204453,1.6933230560102301,2.4749576007755927,1.0673699192614297,1.0241455404346775
158.0,111.85508983631492,318.9321932997535,9.908570869933728,11.668902017715794,22.574102407206126,29.597951386802148,2.106307449969359,2.22736029606047,1.7995256128757895,2.4870351444038046,0.9587119505444448,0.9555945024145168
159.0,442.55337958751284,302.46586528153233,14.702678761828636,11.708078727337792,35.22862157022501,30.64329890464004,2.4212958893149876,2.2468399660161613,4.070150524120379,2.4979840261989876,0.9828494714949039,0.9170785847516015
160.0,218.73236646288427,279.06080611722996,7.350210982440379,11.928420235547316,18.151716343071993,31.58248937359556,2.238666560957451,2.226998367275458,2.037566541173695,2.50276407392698,0.7975719794671404,0.8562561072498768
161.0,36.38191287478287,228.9586102543775,10.912231959209251,11.901188120759034,28.377330561132723,31.959298464220257,1.3430745935439474,2.17851798564436,2.3658338552031952,2.52056238844964,0.6526005520564135,0.7805284562599869
162.0,57.08123548350004,196.29110481516693,18.21055099327542,11.926910271040532,23.787325883880033,32.781114188010804,1.793669951342666,2.1736763478977554,1.9381914463642014,2.5289750886445876,0.6834167403922675,0.6894558655506777
163.0,298.63367674848797,168.48746587316592,11.109659281595938,11.926704916630865,47.85583824385965,33.459873096825916,3.1950021388434893,2.2035147822521552,4.188787237058467,2.524031580012698,0.6500842024681326,0.6472513519744959
164.0,472.77919951196014,133.95617286346447,6.632758862926992,11.89882982992988,28.336874453662112,34.01161731604613,2.2661174107798505,2.1728048121941748,1.3328173170290958,2.5249841616643596,0.7712622912158734,0.6009039987742404
165.0,99.01085709099965,98.7738976997731,8.003313952246707,11.58967512846216,26.91127884246412,33.269116615281305,1.3612134681546533,2.160455295852304,3.3967819076277856,2.50935629905043,0.8454502768305848,0.5892445853712975
166.0,35.88845952510707,238.77749647856396,7.594013485187638,11.596749374942643,38.42853158469932,33.07735280291307,1.9742938334592184,2.1202272481386095,2.6887995922345613,2.616024524034703,0.5503550731316676,0.8609238484849241
167.0,52.14892354054439,336.31997215328727,5.794796799946427,11.050613304900569,25.957480623711476,32.10689994130076,2.15201910307784,2.0431084428724064,1.858077614703376,2.61642290079684,1.2005068743261582,0.8680624001388685
168.0,160.40095913678164,339.4574485560856,7.899401661017766,11.040247685057427,15.143435859591772,32.26790989212046,1.3368459515745226,1.9828884058027412,1.8517630718754416,2.6238824241096013,1.3240481917421099,0.8700387172956578
169.0,530.4497495762971,340.2831805046894,17.508841320699137,10.916983039064702,44.31732131881543,32.13794674409754,1.6822625633937807,1.9336765705281314,1.6684958072492384,2.646177104157246,0.8086286625062525,0.8677417005814464
170.0,47.89265815120421,331.1385210623656,4.128694519832254,10.317953365550599,15.353461584323657,32.11817254508632,1.9544667782893828,1.9049014090786127,1.6866850182342659,2.704187429412716,0.8575085482255982,0.8663067539869999
171.0,67.4986087608953,230.22342214065478,4.31102233510482,9.517524967645555,13.101232203784914,32.35473021073749,2.040578998252431,1.841836295559431,3.4545759502431705,2.704475640000154,0.905460702083638,0.8886694756294519
172.0,313.30195322507575,254.3900766940851,13.04486788528184,10.049594590951548,41.528861476902144,32.6218277380326,2.9255314248549302,1.8285267198185409,2.6973602262960643,2.7541576259522804,0.703363905668293,0.925616647736484
173.0,2627.635853998224,276.07898428812734,15.150488931796678,10.45946085532718,30.005068916028325,32.78058378936192,2.3080343831143937,1.8573328798179192,3.3319469540412108,2.774086763775707,0.4904216446826369,0.9540776139719844
174.0,1185.7810281627405,318.65271834366376,8.555924866537891,10.19859360923299,45.60318797780988,32.74887053095197,2.345450213320215,1.8153434614620827,5.804066361520574,2.7468754296378037,0.865323514398206,0.9529602446500518
175.0,177.57787486744385,340.08544896246997,17.909262525863973,10.218725978343732,30.211931205093972,32.80264220241302,2.274601692481203,1.7933341253175203,2.0687899879991,2.7658226114713766,0.8041255348652521,0.9655061942805181
176.0,23.565380634757354,357.87165170501004,10.190250466795455,10.504582819750956,28.586075220227567,33.37353600712962,1.1180553851438264,1.774733189473414,1.7736409022440127,2.740524792190941,0.6449274082104306,0.9669303237165079
177.0,42.76802291261815,374.6393144663223,27.500949013290523,11.285562851444757,36.0918813675558,33.566500844289244,0.996670925378188,1.8461224545763917,3.491404190302465,2.6816885707813642,0.9390383334215517,0.9475923170805437
178.0,58.727259973978846,387.2576846185495,16.332648078325835,11.581962427018944,55.26673577294788,33.76841729794971,3.3009198427995416,1.8499688689355067,2.3576368253810442,2.6448786797588224,1.4692619770897066,0.9429586959169469
179.0,134.9790336510235,399.46951785373415,11.617124463554344,11.640837815372164,56.4247777494265,33.940842388327255,1.3968252091893485,1.8673321423314113,2.974790945732167,2.614229070502926,1.3492032573393704,0.9401540096055885
180.0,926.9717446641877,406.60651886842953,9.143773512444097,11.985618414768863,51.90183440338472,33.687453011757775,1.7193392146399133,1.8312227467415225,4.154638658386384,2.5508545981277626,1.4788421725325864,0.9645943846837628
181.0,405.24463015601043,413.7819360222387,13.997581725153244,12.150065421853318,33.234007463064074,32.712147557537925,1.4051270495668096,1.7996020458446926,1.9956143395128785,2.4428955525711116,0.8084520289139163,0.9968589314160703
182.0,53.69719745676548,412.98923492649345,11.883105206576488,12.07147549963039,25.254100611379343,31.675875948983766,2.0894398613366887,1.7674825521590911,1.9822173028892989,2.47473456670622,0.7277567270777763,1.0157655410690904
183.0,38.684622128238104,410.35822102967296,6.1653648830832495,11.897322403171032,45.8547627345345,31.437994395806527,1.346505701049744,1.7409879418952874,3.100330892121616,2.433125981443477,1.4936408023263155,1.0220828278144467
184.0,17.03899795668324,406.89134775175586,13.5049102005169,11.897005556030761,27.54709416155321,31.302761387353694,0.9369746783046429,1.742504941720724,2.2590810337014755,2.358940491782239,0.8351278340206271,1.0478971487634061
185.0,82.51860748955153,395.08980946381587,1.9465859950241247,11.874188809277525,18.691407320228116,31.68783481149676,1.6028912313868013,1.7391111080630781,2.502820079399248,2.369761695614917,0.788760030381346,1.0666927524053489
186.0,940.7070675662823,391.49464178704613,16.09285649126907,11.740838803972984,32.77744518541393,31.133427077131408,1.9365030688388043,1.709974123286133,2.1263240983395644,2.312299305869912,1.3997612139808382,1.0768067602773754
187.0,330.43368312499774,385.54166402594996,5.709899939743842,11.823631771316446,13.004023783318573,31.195296496765664,1.122211101671488,1.6687218775907509,2.194668638390872,2.3263497597383456,1.5525636343091613,1.074606681407801
188.0,29.929447916491352,377.35637095852337,10.104632612537145,12.169906852226639,8.451003508204629,30.900564391476603,1.26407233150105,1.6757522176825634,1.737783922754104,2.3183431982136975,0.7575473416216394,1.0787416490233568
189.0,90.3868568428307,374.19080621862975,4.66554695765822,11.917510102722902,15.19029700393668,31.445687190238754,1.3796200026507255,1.6833204221463067,1.9525311482737724,2.3701344895466594,1.14699427058027,1.0715806925246723
190.0,44.148750889991156,374.2426203473081,12.066659220834167,11.877852965323049,44.97551550119595,31.728359639876608,0.889974619245956,1.671124601460674,1.671434773240724,2.3068247158239696,0.7849688905981668,1.069301061653217
191.0,13.502542604052067,361.7684156621757,5.517155589963453,11.884592066250223,32.86004915170748,31.258408449682815,1.8476216147444013,1.6506064911979648,2.3807049787362686,2.3096817034273496,0.9671323567521118,1.0492951733865368
192.0,31.357181691491714,342.77911609967106,19.491813694781897,11.44168160158055,71.88461143855656,31.508570008924323,2.7150250894390826,1.55865942962765,3.3642070900289918,2.3163069309042363,1.1840597896486442,1.0460870816593775
193.0,178.09224261442898,302.73104826859003,4.101869891736195,11.337232433012886,32.11565930907101,31.617733035403,2.797520472981752,1.5801531819843966,1.9542016142259304,2.3051699729621093,1.0360440836555305,1.0486464402380444
194.0,138.00746935027217,254.4161713134768,9.584939039755515,11.214838771822441,22.378766134928874,30.709623048425858,1.7862217950167778,1.4980373957600839,2.402605169947357,2.2326542108819605,0.9297347328789358,1.0645874737564984
195.0,433.3602578732689,256.1497848795314,17.966965061258076,11.35524877795628,29.89955899355749,30.38657969703652,1.2987454701947758,1.4709967500273606,1.6503450589149935,2.13571327458631,1.1909548712976732,1.0649588198609052
196.0,3876.8694268542376,241.88367777123347,29.18984071394727,11.072286913652054,23.107630250094317,29.648770378243217,3.530398627841807,1.4940516253486769,2.033918960174023,2.0818548682074356,0.7152772891931847,1.0592926240121463
197.0,177.53460245615835,223.0391614743428,9.581485436038056,10.755940349332162,20.430363627249633,28.996687386958627,1.4121850392228885,1.5013177917659566,0.9118206718696678,2.073050881253791,0.7455319627235262,1.0555080341330674
198.0,16.4229783356014,211.8361322839061,13.123682878026845,10.708173054855527,21.91001455968828,28.885086962874226,1.0815579844240302,1.5751495891119338,1.2674875968995019,2.077626913762138,0.6017971986883571,1.0429880150045931
199.0,24.330617753941073,273.48491730872274,19.38563322917785,10.815473222262897,29.0465747665817,28.94950170087229,1.2755024245437014,1.6656048457708392,1.6683164728046236,2.1021123262546393,1.1840130996703917,1.0244692233218136
200.0,113.1373753850257,296.9864012980171,14.7644522858303,10.815086903635818,21.344364933195372,29.32787293917927,1.7032954368513407,1.6983552533309114,2.40410769977495,2.2096653419051657,1.1905769340237091,1.00261205162631
201.0,129.0207998242346,296.69621007175203,6.324386157590783,10.993707763602231,7.654454678735933,28.89381534656954,1.4014730737629284,1.780914129101883,1.296289828689348,2.2089502012874807,1.0536449233328586,0.980739053383089
202.0,131.26042698771724,290.40595456448017,4.17444397780206,10.870546172392064,21.921959256395677,28.452489296460072,2.0017410074293283,1.8340344412577578,2.3238989439509528,2.1588089877393326,1.7067101236544824,0.9486085821645267
203.0,42.24410576212618,282.5981594023772,7.944970868892464,11.312155238876976,21.867086442719,28.497998616141746,1.1219476071238532,1.8479524126062539,2.260872338244206,2.180079944060994,1.442007051723413,0.9291125225266936
204.0,17.16485131266801,271.84613420417514,9.24463078323066,11.343138019916788,17.290538161606484,28.42032102910162,0.945741478393138,1.927815676126993,1.805301182260525,2.1261420982046086,1.2107961352917735,0.9311699191861204
205.0,33.28786083599191,258.09248673982387,7.772753861629123,11.349844274203138,34.56367820450791,28.88276415123191,1.6670019847217088,1.947826171439777,3.20459040144231,2.14859383403025,0.9370443856925841,0.9325508473503564
206.0,22.075106374946596,265.0299471569201,7.3600543182532885,11.20804586361421,58.01679216718184,29.46117789554605,1.2866177944517467,1.9815856821067421,4.244585284368259,2.152747341827998,0.6062042051582597,0.9322161115387515
207.0,86.09674860614336,264.9242131760288,8.50355020727162,11.17619390075454,57.73783505508944,29.608787608832735,2.28651256779653,2.016124365270808,1.9077645780238504,2.1625782744753304,0.5053092768448393,0.9177782022338333
208.0,39.148804846834295,256.18072512893923,10.169777954643132,10.819080115474645,44.0814912293013,29.387191936051504,2.121449210783315,1.9506504535756144,2.15830316345048,2.1622777576718675,1.2629632536255362,0.9033803181691041
209.0,58.1633604267408,245.4679948613383,9.053157364051149,10.762391290561832,29.1793103448845,29.776510906912264,1.1411465664493432,2.020729011888681,3.2933658837082085,2.2213740129974466,0.4831906904228902,0.9040114098844857
210.0,677.6402442523361,227.477909678848,15.055704514498315,10.737913202618124,22.671076067658234,29.550448395506006,1.6345632451046623,2.070855758075924,2.90434218281141,2.208178708167704,0.671853234463611,0.8910639135305526
211.0,205.41346869022988,206.92310896764917,11.920880709531431,10.563228946944735,36.22693376171739,28.83033444390442,2.486522098309691,2.131995218470352,3.451702281564437,2.238086429311052,0.7169065239378225,0.8692440355887248
212.0,29.431069900975643,215.90464807686334,7.4903412817420545,10.739223490387253,23.682546806166044,28.299651497622218,2.102335724045049,2.182677052239581,1.2895656562942666,2.2279083668959974,0.9176556512351768,0.8693723480743868
213.0,18.17519479999252,213.39282307674054,5.669847338081981,10.524897365267854,29.1705841244792,27.16184741619146,0.8048444515990438,2.1637091659313943,1.3318804761575058,2.2366529026331063,0.6420308480782037,0.8679839909882411
214.0,5.78622269814723,199.25617387984678,19.988993131026014,10.36765274881632,24.763339757883408,26.136188248997243,2.2814313303678855,2.165040386315412,1.4818082719096923,2.2564545216676657,0.8975119597658789,0.8503205910978475
215.0,31.218496399971603,187.44909680381872,8.529048121934807,10.084776120746692,13.159279553459829,25.04205824750649,2.3164984678841116,2.188136525603613,2.527416424041655,2.2576285575796144,0.7797523543345575,0.837598782728059
216.0,27.993005076598664,172.20666792260792,6.957490837450208,9.825621818951378,35.35426297655508,24.943961940956438,1.7569635850095127,2.1579652873854727,2.351974215542632,2.272589648680865,1.4542088695575215,0.8208065844935263
217.0,95.97058954669615,153.8636307906477,21.807834545855464,9.354648351139119,22.441373265898182,23.613082999558845,5.092787674683864,2.1663594579713545,1.564455123957858,2.2871577351189267,0.5403746200810469,0.7987208488271099
218.0,807.0797750640028,134.31580079299235,8.390364712232175,9.608997748969035,12.499506986104198,24.41008719100872,1.7882863309699668,2.192753792852505,1.1211510626651005,2.3156013525352797,0.928793783737738,0.7955412447396484
219.0,1301.1971976350917,115.43132571648827,9.78166788690063,9.111905036445235,32.72524594084283,24.670561764639732,4.74911475008128,2.2699591841568307,3.0484675494218227,2.342586242734732,0.6180741049549281,0.7848614699694794
220.0,45.54016577797147,96.05848743283624,10.507411512387495,8.939755835286421,43.34656219300596,24.150336575637958,3.6011450911237732,2.303951625558829,3.779528337695255,2.361419157231648,0.5821418272945668,0.7723370215831731
221.0,44.051886811439914,85.61770979760252,11.319338494530253,8.440788936067467,29.39643307521972,23.82228940163361,2.36069110074885,2.288072512481146,2.322207842030993,2.361026620901901,0.7573897625950978,0.7698076135882108
222.0,119.91281756470983,186.67290112507845,11.207417768505175,9.017817253638492,19.735939872540907,23.62130415736243,3.153790926444368,2.3593290774564823,2.602500022425634,2.370552803610263,0.6836612831653284,0.7512704287606786
223.0,32.518800813952296,189.12977017039884,10.121691282931486,9.031228901589085,27.695985081286352,23.60065051058503,2.0084090674346124,2.364311717675765,1.4506263118722318,2.3124230371870214,0.700542047965234,0.7374190008690445
224.0,50.820961480475276,185.30876162219175,6.915170301056455,9.260576214441585,8.732197450688638,23.600544447595915,0.8610318544929956,2.344415033248096,1.343866635353867,2.2776675488828912,0.5613493555231902,0.7154682316540817
225.0,193.2593602608955,148.67416054134463,2.8174782770852818,9.299515271146984,11.162864885131786,23.834110018935842,2.930600133191221,2.323610814076585,1.233377002242051,2.2428339429574917,0.9606325053283458,0.7095634918229728
226.0,51.12551997619681,122.30809674545682,5.093143337605785,9.691179223831346,22.373067146598217,23.782643379879584,1.2840950414125234,2.287721427241398,1.3035179527640668,2.19835338180003,0.8715804449866289,0.6991625282418185
227.0,32.11548254441749,129.47592349056438,7.274765713721931,9.713406344251856,19.26650320197847,22.4942727422147,0.9275759793106901,2.2503712916382352,2.562473698356606,2.1151331011979995,1.0146133577167697,0.6921277702790125
228.0,18.008195139876207,132.9700303497662,6.20569349065737,9.53382505587808,7.775285582416808,22.368296159203634,1.8707599171991331,2.216988856167555,1.936627059455283,2.094731176721803,0.8432010773417675,0.7055421889502017
229.0,54.8299507184965,139.3434529702751,10.80321876115479,9.643173887796491,32.761251275348144,21.861816076025494,1.9888898511252524,2.2049720924422416,3.595317365596681,2.0719603818221244,0.6516841387319796,0.7246071803600634
230.0,178.65047813154877,143.5555833930352,7.370740075403601,9.814885756534535,20.68908554842177,20.939496363379458,2.2452390479847,2.122293739075454,1.796635342652616,2.0299432881965096,0.5838244074211132,0.7271415002959427
231.0,326.957961645688,146.91645654339868,9.599673301971716,9.969556782094578,15.564681351673329,21.27840819501419,2.0833676625753217,2.1389642297285825,3.9912174203366675,2.023119544463175,0.8245797614486933,0.7342116434065761
232.0,126.86861560915717,143.7494498519186,10.985002000813665,9.5256650021998,11.972185019141946,22.374945338743963,1.6653517413742094,2.132142520203352,1.9559413627424562,2.0848344340476332,0.6427566607902463,0.7248056675209206
233.0,39.573404068362535,141.99323058177933,21.608000919085242,9.54560233929407,14.426568669927441,23.133380191117432,6.085281883064592,2.088716916395577,2.2158938477975405,2.0919363363101735,0.46415449048552354,0.7114565879195508
234.0,16.402014870201896,139.89191981246753,6.119356960387205,9.470296737379961,13.757433540541351,23.307715255249338,0.9977894627357717,2.072521626252691,1.2939799425230663,2.0798792164674094,0.6990073186426555,0.724494469350904
235.0,176.34447734550963,140.03398323647346,11.99057489644442,9.764070471417865,16.37523643151008,23.142107546002112,0.8925987652694984,2.0038352356400018,2.9895435179774026,2.0853553900760504,0.49833073546264284,0.7093988119157763
236.0,294.0169841610374,154.61633126825262,4.591861387705747,9.875293999242412,22.632485461053857,22.916203159178036,0.822359027334833,1.9681591511493268,1.8522915422499933,2.0571385989853246,0.6824161047027961,0.6972721270506113
237.0,209.07527194764913,156.10280232326167,5.534310503001693,10.011425431565577,30.55004838904553,23.0531168090614,1.2895928771938134,1.977983118438316,2.8951466387419824,2.0817887033257376,0.5401230771032094,0.6823175210450537
238.0,51.46837091677038,156.0299623654245,7.808622334263006,10.234734013143763,31.960201800255632,23.152216918100663,2.7613387522164707,1.9438557577077067,2.4019805537724155,2.055561563490279,0.8301299092117043,0.6697997170111604
239.0,111.60268100740956,154.08508207986128,9.492647541263441,10.105104873998327,20.745629089494287,23.19841650749681,2.148360087994373,1.8967070758715463,1.471100980132035,2.0248906452969444,0.6230104982383278,0.663997602099152
240.0,34.28155444298825,150.20496994132418,7.393193403252198,10.78517157700944,26.529035308033126,23.05240230813515,1.3386580656493203,1.8872202110513407,2.173249111623216,2.02013925815101,0.8445258197207328,0.6644027041451583
241.0,40.37467077422974,140.2070896830659,13.653326378745678,10.507234217411131,23.011258924520014,23.165181871042368,2.4592025169233755,1.8380964073214985,1.252076730512937,2.046385581049246,0.6249979017972274,0.6614905307263268
242.0,44.200934064916524,136.59171786044018,14.729225394262741,10.645242905259282,58.063186990751774,23.684131936406878,2.016767967112453,1.8069944391127557,1.8112318041430715,2.05650129901785,0.9888361400679537,0.6838208159183249
243.0,29.796150814908984,132.8744287321966,4.332592107988727,11.25840650270892,33.93834155358897,23.660508473851586,2.346854005459223,1.846554838836233,2.448301380394871,2.0041456086005964,0.6046892134103015,0.6703482826779863
244.0,102.84574728634843,151.60208360235725,14.549003158183371,11.517868449174415,17.514626979448764,23.192429084182177,0.7528498921664428,1.7938248561254226,1.1077243965664585,1.9574591019927075,0.7364699582257663,0.6780484956055026
245.0,40.100763412042944,189.27099379359322,8.544504799426143,11.698483566790063,34.74110322364087,23.560596813343096,1.0473309259562404,1.8890576328407247,1.6905741104203877,1.98711127815625,0.705710805487505,0.6685569345427013
246.0,10.405385921312089,191.48891867035925,30.43154794962298,11.966331265865609,37.96280737622849,24.33265799142472,2.080044043299713,1.8869177192741446,1.4577971580050697,2.0361860330124086,0.6498759182252958,0.6621206349945247
247.0,22.28312135606456,193.68790461081713,9.568961214113008,12.283846658404736,28.473635414676913,24.010192880094046,1.389597617011195,1.8856893521431846,1.3010691376127657,2.0232981062752335,0.7226819902534798,0.6646304597139562
248.0,11.807653836149255,197.4611609974694,10.820163747588934,12.601174331573013,18.415533352118956,23.97447804046831,1.5177200403111843,1.9606517022571395,2.2798864570216772,2.0384235979614678,0.5468349614222044,0.6611742123088032
249.0,37.894883668210646,196.6182798734009,6.985077329024393,12.764472576810089,16.669916604755052,24.42110537284464,1.834598868808901,1.9709523932572117,1.5967745353330924,2.00426301112942,0.6093649200923348,0.6650376046722414
250.0,1236.3850942606239,197.1626662815588,21.703004133136467,12.84557080037294,13.793690300558536,24.307385146917238,1.880470086971,1.9904620351652926,1.775257195032617,2.0133235998358416,0.6311283206893697,0.6650477775572197
251.0,1167.2261516497033,200.70376841192723,7.317315758601104,12.498559939966597,13.38760864175429,23.688610726542883,2.7900053687524724,2.057918572861813,2.8452711220876497,2.009114309911008,0.8592738607042181,0.6780649544174941
252.0,131.2083096928335,192.22414861732295,11.337760997862226,12.047610599501425,39.739810577884,23.77008656156066,2.580975636635645,2.058340001306888,3.151918134136927,2.022533097110462,0.6713504999993567,0.6873079630322382
253.0,254.20268480232417,189.45369286840668,15.71824282503389,11.771545758770445,12.510789462237867,23.45454188246424,3.1450482125492942,2.0517393256268996,2.054869301795371,2.0765989381340932,0.736211787352741,0.7008297689508336
254.0,46.25149449335285,186.08935342445466,9.265328003735466,11.797973880784568,23.046213143820573,23.362737890874666,1.4977287308444507,2.0730747928571756,2.0651625755645737,2.0642161979510685,0.40378855387375745,0.7023649452915814
255.0,40.90655759627539,182.2717178356202,7.718609637323154,12.161332523489945,31.668615042160315,23.58606208055652,3.610250535229178,2.0590129677595255,2.22162968322962,2.1258273679061412,0.8241901523362347,0.7021168618262326
256.0,29.71818699976682,180.23485438520908,5.739742454555613,12.152483012622806,4.673500482524208,23.506756305634802,0.8295746574510592,2.080538742188906,2.523006937735718,2.13461824988784,0.44626613790547226,0.6978712682460707
257.0,199.47689227195903,181.61609288843943,26.150064309421747,12.194968156253193,2.250709476812673,23.16901537097585,0.8805986546986228,2.053976152564802,1.5099068727626337,2.2144966894582727,0.6505641922599658,0.7042081638038604
258.0,195.62284266501013,177.35248056515763,12.74649863818172,12.368976591372032,17.119650986162487,22.46493424542468,3.0354668034047654,2.049247326715058,1.0401764966252738,2.220656286111021,0.6363416022769854,0.706535868986782
259.0,134.77074551378496,172.74833442112612,18.272996071328386,12.801678083347172,28.454690254593515,21.66645893172747,2.0540283803024852,2.166865345518286,1.7866530855875575,2.2352380575470163,0.502115750551654,0.7040423065955072
260.0,32.8208038538901,166.80187884536136,4.472531473023338,12.501502818269534,28.737224818570006,21.352450205480302,2.8254212045233116,2.150890536326058,2.451310259309963,2.223718429471228,0.6855351524434321,0.7022274182079874
261.0,185.87519548235113,162.3142722009127,16.848402954843827,12.77840106132651,25.569124310152787,21.05529619573953,2.120603145296701,2.1375444935329786,3.581927919116798,2.2971330972709065,0.7487099627562679,0.7035813432612199
262.0,215.95270525767188,164.29276574261695,14.287134810647856,12.90806663632338,28.808488289157637,21.28672427868381,1.333213929346831,2.0881812783801728,2.7574133974237487,2.336319507390783,0.9087148540308938,0.7127890281228855
263.0,77.4455188419801,160.5751074223468,6.556257881539046,12.949588094488918,19.033395979971655,21.47660067414661,2.42359978604864,2.0365431552103486,2.4764181941188563,2.341507374528316,1.1033628031632776,0.7122512929012027
264.0,82.52281644318346,155.14911571177143,15.894926994496126,12.76421913491562,26.967060863516696,21.476022195444575,1.3918768356548181,2.044143676128308,2.594837781564222,2.325056946562162,0.6418623676826356,0.7159419858166091
265.0,86.70671894324715,150.37824612828686,2.7689695488557895,12.386031268803508,31.01889132624805,21.5282437175563,1.3229736291362897,2.040986496835803,1.7284292417758813,2.3700088649644115,0.6858856147332317,0.7117616506077398
266.0,291.46502507832076,140.41647478935525,25.041623856775182,12.179438985669794,9.251536503794295,21.61802783241196,2.7152880578751386,2.0004570479312513,1.6038176969051716,2.395863330581826,0.7000442569435652,0.69730196834567
267.0,39.77108731734637,107.99099124457908,9.970634065125282,12.14858061165662,15.876411551275716,21.723465642623935,1.5255801056388425,2.016466264355725,1.9702223372713068,2.425439640651798,0.5842338551931407,0.7077978902424298
268.0,62.77976713461405,94.85873910974242,9.02527975719288,12.053918627917245,21.813001026452227,22.733679146632863,2.7223421671265067,1.9516712474183489,3.3761941978772603,2.427035366594347,0.9560070937259396,0.7234564281550115
269.0,41.9392522279538,89.57254926121307,7.923075925162184,11.639786914206905,26.17396782640933,23.126521565590036,2.95941817791211,1.9516918500296796,2.761605487804783,2.480643537852623,0.6523794395143123,0.724301945154571
270.0,44.77140302999849,87.52962130301914,11.377797888698357,11.387314235747303,17.83783457488019,23.77713989291343,1.125785134481521,1.9192891331527684,2.135284714494995,2.500203299607802,0.9590183629242817,0.7247293368561861
271.0,78.82990305667536,82.75479271678871,8.824968414803152,11.484703097682411,16.75066123273234,25.08943009257314,3.777945319279265,1.8661871833179768,2.4799102929916126,2.500618465622422,0.8361371887991619,0.7296359021182937
272.0,43.65842591276373,75.77411987991175,7.405385678285173,12.161994707301432,44.310732920282376,26.621441109102406,2.9524734774684633,1.8625703536605558,3.4612709420860215,2.5235685425540764,0.7124786347805174,0.7335700372808618
273.0,34.850736933607024,66.60737689619366,6.6348062254710385,12.102342513523627,28.059480164457817,27.75602681401999,1.322398308925135,1.8334911663347655,3.0662782815930183,2.5447700613639883,0.8572535097966578,0.7379526911291053
274.0,75.04958576933095,56.26229092467147,10.30226258825535,11.837172060904305,20.21730312138212,28.654177551900485,2.4554264454842722,1.7965904255105873,3.8017105322525153,2.5776276634679665,0.6274466184259279,0.7334092661756594
275.0,7.890292577130074,44.844444067228274,9.250741080791762,11.802416168797638,18.846679915054878,29.35432620229963,0.8063208351569446,1.7861797753597042,2.2257074163098043,2.5886358526899835,0.5816229222972691,0.7351057750313124
276.0,21.13420218796069,71.62023892097747,19.157652300745728,12.232644300696558,36.93855576408573,29.97915597756171,1.0115106842430972,1.756347860528809,2.393550442175699,2.565181309319979,0.5177847790959772,0.7306913894600782
277.0,287.10108867278217,101.9226293396929,25.77069885284882,12.166585455860929,24.69541444476586,30.248941744597605,1.5210319656659204,1.7705840148219494,1.6238015439611244,2.5980928561346497,0.566218098992829,0.7405259515363223
278.0,62.125030649001694,104.19501316497981,23.553401093558776,12.046858232748455,35.98075257212341,30.516422175198272,1.0987127745205092,1.7249498049166774,1.2820512059923153,2.6415572754400825,0.5885281749038608,0.7422998223246167
279.0,26.581404744250708,109.26776010904389,12.443744846680081,12.28578701719022,15.390256706017375,30.76154724467104,0.7751930919576725,1.7726299124032558,2.8771244927116255,2.66532040746993,0.8783166300651317,0.7439420680907417
280.0,36.89317490010616,108.43772434595584,4.242728900929906,12.329969584113908,28.734451492873205,31.119408154229045,1.969042121997999,1.7811486683653046,2.1818275743608435,2.679253361503692,0.7859591932674567,0.7332836054247118
281.0,79.5704031136797,107.35711545695249,12.167174218013526,12.262182636987566,28.522249375469375,31.810944652169074,0.9508442879700938,1.8492532923777698,2.2612079020144127,2.6967990720740067,0.8645028485190915,0.7353060196846057
282.0,127.52151619422881,105.42194181450442,12.013367972688915,11.893036781766222,32.37488133210093,31.012934807358178,2.4108854063331124,1.75598032374669,2.1712734306751997,2.6908981110090604,0.7711531502868327,0.7073076568576766
283.0,136.02088249770037,108.5548607100355,8.252056812246558,12.247543372421825,41.72381894614897,30.625137195108294,1.212953099760841,1.730361384705657,2.842406445636509,2.656834127868864,0.743807702475668,0.7112137040806956
284.0,41.0178231848208,109.30709828781812,10.4653562274469,12.291136151840597,49.216733914280624,30.36099299519541,1.7820326950777496,1.7718751906964165,2.9194128682103004,2.620073051294507,0.7046536299474132,0.7139256735421885
285.0,22.110068262054913,-82.25394077471975,21.008364213464624,7.050369464012312,33.03854321843485,30.9925224471777,1.5089259777440827,1.7499409224472224,2.921436134517923,2.5476803266019923,0.9128672009199413,0.6484122151662447
286.0,111.68897906183295,-50.04126557382148,7.166117835597121,7.584235101128798,34.597874304226906,31.696235531324213,1.0177601186033025,1.77020694027271,1.726732091654298,2.5402117392884116,0.5918831352664757,0.6415135853954175
287.0,16.506888984943593,-8.97248958714708,2.680804955404387,8.984583779099223,22.1255202528897,32.15786652602497,1.8895805161692465,1.7938773534420325,1.6778578262094184,2.5751460584407426,0.4493001472286115,0.6619653235514691
288.0,138.6041147775443,32.60873324179056,3.566399474820166,10.329517398551062,31.73391732466134,32.62906556948288,2.313414798925815,1.7978996874495174,4.01748159803439,2.5928335433858605,0.5812520009814975,0.6956806281684799
289.0,31.226242467125292,-31.810536303266364,11.694541802438017,0.8237387605614551,42.804138274793914,32.110065360823086,1.834765281285979,1.7928465696350162,4.747896073568217,2.5506485729574897,0.7120485703708432,0.709530828371468
290.0,42.789509238195244,-24.581797761768158,20.047891025076865,1.5739073459158128,31.99392856287364,31.734651730027768,1.670344585590164,1.5563575881641434,1.8596965199834536,2.3669759022558226,0.7844071477561035,0.631828111164004
291.0,122.69324569822072,-22.806221250975945,12.203352326213242,-0.7262105841136444,37.5680910143765,31.783013045743786,2.101194993024832,1.341014421097491,3.1493006619929047,1.6806943440992792,1.4381630002069996,0.17450706617234032
292.0,952.3567940367602,35.16419188346343,12.178581004852035,1.6154965666342458,35.01559790552808,31.018381892696077,1.2666340960033713,1.3566695449336141,2.030499622856617,1.5490407470692094,0.41720545206123405,-0.015754246340138223
293.0,385.104490218707,41.1326586390625,16.20267685898498,0.7747325394157976,44.598681198096365,30.40838624837675,3.7584168846065866,1.3234438539569497,3.454216998707386,1.3866194842325008,0.5819551604539872,-0.12248984500575855
294.0,100.34348414172443,50.7399105721087,16.958043117826485,0.2459154598040243,49.1102238532973,29.750672048930788,2.1529831657458307,1.2998659437178515,2.3856605812230365,1.2420428533743428,0.7045249028215432,-0.21240500044000077
295.0,29.32695293847312,64.36423469304376,22.53580307362329,0.0737307715764306,25.756411593682586,29.05013260435063,1.5818640407730655,1.287196767919316,2.0484695679895104,1.1189363299379638,0.8569175299508937,-0.28248695024377546
296.0,18.454150592118317,82.38391801230887,4.666770379387616,0.30286391851073,19.4911477685644,28.31166122462809,2.392053573965626,1.2866972802643186,3.1204595408240996,1.0209253893665848,0.6882678895871952,-0.3297229320179922
297.0,12.26931965004868,105.17724754034626,6.957375069836788,0.9780003443844869,15.282412009883835,27.54015121975501,1.6938118767988914,1.2996284344558342,1.98191802296491,0.951635507103426,0.6506766342583232,-0.3511001833635684
298.0,48.13382986427773,133.12251028759712,12.107486516562071,2.1438254929753935,18.754145299754185,26.74049589972325,1.7882295557242496,1.3272511841968369,1.5457485099937511,0.9146921585917062,0.6960106096310383,-0.3436059418814102
299.0,29.098838193262726,166.59799326450306,20.787240502132313,3.8450248080610887,14.267584663353917,25.917588574524633,2.083816036091724,1.3708264831903023,1.857477128534088,0.9137208192746445,0.816556271256518,-0.3042274451724334
300.0,44.04496621390135,205.98198348150618,8.98080878427852,6.1262837334191875,15.334581667421386,25.07632255415099,1.4080338496051672,1.4316152851392054,1.688191048202654,0.9523469645954604,0.6435255014406426,-0.2299519308375506
301.0,20.3331542983576,251.6527679490471,7.5356102624806525,9.032287712827298,10.28428436640139,24.221591148594175,2.051872267717118,1.5108785437465202,2.8552413983152176,1.034196069997373,0.8603080467032712,-0.11776663647767449
302.0,20.633666479772792,303.98863367756803,9.762265262561144,12.60772219006318,17.052177905789485,23.358287667846025,1.5112503221953544,1.6098772127152234,1.9798518013925055,1.1628936109235977,0.6136582728330577,0.03534120030628041
303.0,23.93109092234404,363.3678676775112,15.112224422937459,16.897272608904323,44.48644945568709,22.491305421898364,3.602407125888048,1.7298722457482882,1.945034559900063,1.3420650628173614,0.6963377750478225,0.2323843419134053
304.0,57.114192167062555,430.16875695931765,7.420696793262479,21.94562441312852,19.096352555946005,21.62553772074305,1.2829236095316847,1.8721245965486903,1.4071455271113527,1.5753359011218793,0.7659113488084541,0.4763755507427856
305.0,49.862108336794435,504.7695885334284,6.674937030455681,27.797463046513258,23.12211308614951,20.765877874371906,0.8810912230686107,2.037895218819406,1.497126419834994,1.8663316012803666,0.8378000655332482,0.7703275891935046
306.0,30.260710549427987,587.5486494102854,7.252731975401566,34.49747395283633,19.68234628234437,19.917219192776784,0.9081487448324375,2.2284450662634065,1.2868801983039235,2.218677638736051,0.8277193142695217,1.1172532196646558
307.0,20.90490448471674,678.8842266003313,14.208529221055358,42.09034257587522,42.574376776950814,19.08445498594951,3.7632366144488976,2.4450350925836695,2.2651092618922144,2.635999488932143,1.5382405148551959,1.5201652045553267
308.0,5.005932251276803,779.1546071140069,10.934847338066373,50.620754359407734,22.834824333368857,18.272478563881936,1.4570012438608118,2.688926251483169,2.1005523554744676,3.121922627311871,0.6952899741401487,1.9820763062646025
309.0,92.50407417562874,888.7380779617531,9.199760691473461,60.133394747211305,29.91373775287154,17.486183236565886,1.2364565591623133,2.96137949666488,1.38077245468312,3.6800725293184446,0.6901442416743688,2.5059992871915684
310.0,7260.045052908115,1008.012926154012,213.95845262310903,70.6729491830638,8.359850556881616,16.730462313993197,2.5364905067214667,3.263655781831778,3.116510191310128,4.314074670395088,3.05078546357059,3.0949469097353166
311.0,237.3796922078347,1137.3574387012266,23.95996549182582,82.28410311074265,2.22711032048214,16.010209106155727,2.0681990230397167,3.5970160606868378,1.504582217774409,5.027554525985019,1.4972507488231859,3.7519319362949313
312.0,46.760613289562805,1277.1499026138372,5.7171013560843145,95.01154197402572,2.650456183807453,15.330316923045292,1.3322247751702443,3.962721286933033,1.107783925895822,5.824137571531462,0.6671242850894573,4.479967129269501
313.0,12.770965139447986,1427.7686049022846,2.730242555042628,108.89995121669041,1.0229976055896959,14.695679074653754,1.0554904227699358,4.362032414273341,0.7514172904844252,6.707449282477628,0.3180566894931083,5.282065251058112
314.0,3773.1939660751436,1589.5918325770112,397.6214980529502,123.9940162825146,21.67779277053615,14.111188870972953,2.4384082214528693,4.796210396410735,2.41766116484445,7.681115134266742,1.2188764223809496,6.16123906405985
315.0,1793.05301975361,1762.99787264846,101.52963714125971,140.33842261527565,23.653677387205715,13.581739621994682,10.12302369606414,5.26651618704819,7.934772381089727,8.748760602342013,4.249106053501066,7.120501330673807
316.0,2263.519708347463,1948.3650121270714,214.73337292651365,157.9778556587515,12.564194328486614,13.112224637710845,10.86524348518187,5.774210739888685,26.987182280799576,9.914011162146677,19.2352520964604,8.16286481329906
317.0,748.0954529324135,2146.0715380232864,102.13487061928737,176.95700085671953,15.118194290074626,12.707537228113218,5.572172867089336,6.3205550086351865,10.98041249351787,11.180492289123944,13.009045734691917,9.29134227433471
